{
  "eval_epoch": 3,
  "best_mrr": [
    0.35714285714285715,
    0.40398809523809526,
    0.41438293650793656
  ],
  "best_epoch": 2
}