{
  "eval_epoch": 5,
  "best_mrr": [
    0.4972337482710927,
    0.5258068234209312,
    0.5258068234209312
  ],
  "best_epoch": 3
}